{
  "lpips_mean": 0.028137156626326033,
  "lpips_std": 0.06422477547917894,
  "ssim_mean": 0.9789560437202454,
  "ssim_std": 0.006809589918702841,
  "psnr_mean": 24.81662078843204,
  "psnr_std": 2.0599583905572225,
  "albedo_mse_mean": 0.007189096572255948,
  "albedo_mse_std": 0.004939151653569532,
  "diversity_mean": 0.009884132522191587,
  "diversity_std": 0.0032325771821327446
}